domain,question,answer
tourism,Best place to see mountain gorillas?,Volcanoes National Park in Musanze offers gorilla trekking.
tourism,Can you tell me best place to see mountain gorillas?,Volcanoes National Park in Musanze offers gorilla trekking. (2025 info)
tourism,What's special about Nyungwe Forest in Rwanda?,Home to chimpanzees and East Africa's only canopy walk (160m long).
tourism,What's special about Nyungwe Forest?,Home to chimpanzees and East Africa's only canopy walk (160m long). Details: Home to chimpanzees and East Africa's only canopy walk (160m long).
tourism,Can I do a safari in Rwanda?,"Yes, Akagera National Park has lions, elephants and 500+ bird species."
tourism,Can I do a safari in Rwanda in Rwanda?,"Yes, Akagera National Park has lions, elephants and 500+ bird species."
tourism,Top cultural village to visit?,Iby'Iwacu Cultural Village near Volcanoes NP shows traditional Rwandan life. Details: Iby'Iwacu Cultural Village near Volcanoes NP shows traditional Rwandan life.
tourism,Where would I find top cultural village to visit?,"In Rwanda, iby'iwacu cultural village near volcanoes np shows traditional rwandan life."
tourism,Where to see traditional Intore dance in Rwanda?,At the Kandt House Museum in Kigali or during festivals. Details: At the Kandt House Museum in Kigali or during festivals.
tourism,Can you tell me where to see traditional intore dance?,At the Kandt House Museum in Kigali or during festivals. (2025 info)
tourism,Can you tell me best time to visit rwanda?,June-September (dry season) for gorilla trekking and hiking.
tourism,Where would I find best time to visit rwanda?,June-September (dry season) for gorilla trekking and hiking.
tourism,Can you tell me entry fee for volcanoes national park?,"In Rwanda, $100 for foreigners, 15,000 rwf for rwandans (2025 rates)."
tourism,Where would I find entry fee for volcanoes national park?,"$100 for foreigners, 15,000 RWF for Rwandans (2025 rates)."
tourism,How long is gorilla trekking?,"In Rwanda, 2-8 hours depending on gorilla family location."
tourism,Can you tell me how long is gorilla trekking?,2-8 hours depending on gorilla family location. (2025 info)
tourism,Can kids do gorilla trekking?,Minimum age is 15 for gorilla permits.
tourism,What to pack for Nyungwe canopy walk in Rwanda?,"Sturdy shoes, rain jacket, and camera - it's 70m above ground!"
tourism,Can you tell me what to pack for nyungwe canopy walk?,"Sturdy shoes, rain jacket, and camera - it's 70m above ground!. Details: Sturdy shoes, rain jacket, and camera - it's 70m above ground!"
tourism,Can you tell me where to see golden monkeys?,Also in Volcanoes National Park - cheaper than gorilla permits. (2025 info)
tourism,Can you tell me best hiking trail near kigali?,Mount Kigali Trail offers great city views (2-3 hour hike).
tourism,Best hiking trail near Kigali?,Mount Kigali Trail offers great city views (2-3 hour hike). (2025 info)
education,Where would I find top university in rwanda?,University of Rwanda is the largest and highest-ranked. Details: University of Rwanda is the largest and highest-ranked.
education,Top university in Rwanda in Kigali?,"In Rwanda, university of rwanda is the largest and highest-ranked."
education,Where to study computer science in Rwanda?,University of Rwanda's College of Science and Technology in Nyarugenge.
education,Where would I find where to study computer science?,"In Rwanda, university of rwanda's college of science and technology in nyarugenge."
education,Best coding bootcamp in Rwanda?,"In Rwanda, alx rwanda offers 12-month software engineering programs."
education,Where would I find best coding bootcamp?,ALX Rwanda offers 12-month software engineering programs. Details: ALX Rwanda offers 12-month software engineering programs.
education,Where would I find international schools in kigali?,"Green Hills Academy, Kigali International Community School, and École Belge. (2025 info)"
education,International schools in Kigali in Kigali?,"Green Hills Academy, Kigali International Community School, and École Belge. (2025 info)"
education,Can you tell me is education free in rwanda?,Primary education is free in public schools. Details: Primary education is free in public schools.
education,Where would I find is education free in rwanda?,"In Rwanda, primary education is free in public schools."
education,Where to learn Kinyarwanda in Rwanda?,University of Rwanda's Language Centre offers courses. Details: University of Rwanda's Language Centre offers courses.
education,Where to learn Kinyarwanda?,University of Rwanda's Language Centre offers courses.
education,Technical schools in Rwanda in Rwanda?,IPRCs (Integrated Polytechnic Regional Colleges) across the country. Details: IPRCs (Integrated Polytechnic Regional Colleges) across the country.
education,Technical schools in Rwanda?,IPRCs (Integrated Polytechnic Regional Colleges) across the country. Details: IPRCs (Integrated Polytechnic Regional Colleges) across the country.
education,Where would I find scholarships for rwandan students?,"In Rwanda, mastercard foundation scholars program at ur and kepler."
education,Scholarships for Rwandan students?,Mastercard Foundation Scholars Program at UR and Kepler.
education,Can you tell me best medical school?,"In Rwanda, university of rwanda's college of medicine and health sciences."
education,Where would I find where to study hospitality?,Akilah Institute for Women offers diploma programs.
education,Can you tell me where to study hospitality?,Akilah Institute for Women offers diploma programs. (2025 info)
education,Public vs private universities?,"In Rwanda, ur is public; auca, cmu are private options."
education,STEM programs for girls in Kigali?,Girls in ICT initiative by RDB and Andela Rwanda.
education,Can you tell me stem programs for girls?,Girls in ICT initiative by RDB and Andela Rwanda. Details: Girls in ICT initiative by RDB and Andela Rwanda.
healthcare,Best hospital in Kigali?,"In Rwanda, king faisal hospital is the top private facility."
healthcare,Best hospital in Kigali in Kigali?,King Faisal Hospital is the top private facility.
healthcare,Public hospitals in Rwanda?,CHUK (Central Hospital Kigali) and district hospitals.
healthcare,Where would I find public hospitals in rwanda?,CHUK (Central Hospital Kigali) and district hospitals.
healthcare,Emergency number?,"Dial 112 for police, 912 for medical emergencies. (2025 info)"
healthcare,Where would I find emergency number?,"Dial 112 for police, 912 for medical emergencies. (2025 info)"
healthcare,Where would I find where to get covid vaccine?,All district hospitals and health centers. (2025 info)
healthcare,Where to get COVID vaccine?,"In Rwanda, all district hospitals and health centers."
healthcare,Can you tell me malaria risk in rwanda?,"Present - use prophylaxis and mosquito nets, especially in rural areas. Details: Present - use prophylaxis and mosquito nets, especially in rural areas."
healthcare,Where would I find malaria risk in rwanda?,"Present - use prophylaxis and mosquito nets, especially in rural areas."
healthcare,24-hour pharmacy in Kigali in Rwanda?,King Faisal Hospital pharmacy operates 24/7.
healthcare,24-hour pharmacy in Kigali?,King Faisal Hospital pharmacy operates 24/7. (2025 info)
healthcare,Dental clinics in Kigali?,Kigali Dental Clinic in Kimihurura is recommended.
healthcare,Mental health services?,"In Rwanda, ndera neuropsychiatric hospital specializes in mental health."
healthcare,Mental health services in Rwanda?,"In Rwanda, ndera neuropsychiatric hospital specializes in mental health."
healthcare,Where would I find pediatric hospitals?,KFH and CHUK both have pediatric wings. (2025 info)
healthcare,Pediatric hospitals?,KFH and CHUK both have pediatric wings. Details: KFH and CHUK both have pediatric wings.
healthcare,Where would I find health insurance requirements?,Mandatory for foreigners - RAMA or private insurance. Details: Mandatory for foreigners - RAMA or private insurance.
healthcare,Health insurance requirements?,Mandatory for foreigners - RAMA or private insurance.
healthcare,Where would I find vaccinations needed?,"In Rwanda, yellow fever mandatory; hepatitis a/b, typhoid recommended."
healthcare,Where to buy prescription drugs?,Pharmacies like KIM Pharmacy require doctor's prescription.
healthcare,Where would I find where to buy prescription drugs?,"In Rwanda, pharmacies like kim pharmacy require doctor's prescription."
accommodation,Budget hostels in Kigali in Rwanda?,Discover Rwanda Youth Hostel from $10/night. (2025 info)
accommodation,Where would I find budget hostels in kigali?,Discover Rwanda Youth Hostel from $10/night. (2025 info)
accommodation,Luxury hotels in Kigali in Kigali?,"In Rwanda, kigali marriott ($200+) and serena hotel ($150+)."
accommodation,Best area to stay in Kigali?,"Kimihurura for restaurants, Kiyovu for quiet luxury."
accommodation,Eco-lodges near Volcanoes NP in Rwanda?,Bisate Lodge (luxury) or Red Rocks Rwanda (budget). Details: Bisate Lodge (luxury) or Red Rocks Rwanda (budget).
accommodation,Where would I find eco-lodges near volcanoes np?,Bisate Lodge (luxury) or Red Rocks Rwanda (budget). (2025 info)
accommodation,Lake Kivu resorts?,Lake Kivu Serena Hotel in Rubavu has lake views. (2025 info)
accommodation,Where would I find airbnb availability?,"In Rwanda, yes, 300+ listings in kigali from $20/night."
accommodation,Can you tell me camping in akagera?,"Yes, Ruzizi Tented Lodge and campsites inside park. (2025 info)"
accommodation,Camping in Akagera?,"In Rwanda, yes, ruzizi tented lodge and campsites inside park."
accommodation,Hostels near bus stations?,Okapi Hotel is 5min from Nyabugogo Bus Park. Details: Okapi Hotel is 5min from Nyabugogo Bus Park.
accommodation,Pet-friendly hotels?,Kigali Marriott allows pets with prior notice. (2025 info)
accommodation,Hotels with pools?,Radisson Blu and Serena both have outdoor pools. (2025 info)
accommodation,Can you tell me long-term apartment rentals?,"In Rwanda, check kigali heights or kbc area for 1-3 month leases."
accommodation,Where would I find guesthouses in musanze?,Fatima Guesthouse and La Palme Hotel are popular. (2025 info)
accommodation,Can you tell me guesthouses in musanze?,Fatima Guesthouse and La Palme Hotel are popular. Details: Fatima Guesthouse and La Palme Hotel are popular.
transport,Bus from Kigali to Musanze?,Volcano Express takes 2.5hrs (~3000 RWF).
transport,How to use Tap&Go?,"In Rwanda, buy card at stations, load money for bus fares."
transport,Can you tell me how to use tap&go?,"Buy card at stations, load money for bus fares."
transport,Can you tell me moto-taxi safety tips?,"In Rwanda, always wear helmet, agree on fare first (~500-2000 rwf)."
transport,Where would I find moto-taxi safety tips?,"In Rwanda, always wear helmet, agree on fare first (~500-2000 rwf)."
transport,Car rental companies?,"In Rwanda, europcar, avis and local companies like rwanda car rentals."
transport,Kigali airport to city?,"Taxi costs ~10,000 RWF (20min), no Uber available."
transport,Speed limits in Rwanda in Kigali?,"In Rwanda, 50km/h cities, 80km/h highways, strictly enforced."
transport,Can you tell me speed limits in rwanda?,"50km/h cities, 80km/h highways, strictly enforced. Details: 50km/h cities, 80km/h highways, strictly enforced."
transport,Cross-border buses?,"Jaguar Coaches to Kampala, Trinity to Bujumbura."
transport,Where would I find cross-border buses?,"In Rwanda, jaguar coaches to kampala, trinity to bujumbura."
transport,Domestic flights?,"In Rwanda, akol aviation flies kigali-kamembe (lake kivu)."
transport,Can you tell me domestic flights?,Akol Aviation flies Kigali-Kamembe (Lake Kivu). (2025 info)
transport,Where would I find bicycle rentals?,Available in Nyamirambo and near Kimironko Market. Details: Available in Nyamirambo and near Kimironko Market.
transport,Bicycle rentals?,Available in Nyamirambo and near Kimironko Market.
transport,Night buses in Rwanda?,No intercity buses operate after 8pm typically.
transport,Night buses in Kigali?,No intercity buses operate after 8pm typically. Details: No intercity buses operate after 8pm typically.
transport,Parking in Kigali?,"In Rwanda, malls (kigali heights, union trade centre) have secure parking."
transport,Fuel prices in Rwanda?,"~1,300 RWF/liter for petrol (2025 rates)."
transport,Where would I find fuel prices?,"~1,300 RWF/liter for petrol (2025 rates). (2025 info)"
business,Where to register a company in Rwanda?,Rwanda Development Board (RDB) One Stop Center. (2025 info)
business,Where to register a company?,Rwanda Development Board (RDB) One Stop Center. (2025 info)
business,Can you tell me top industries in rwanda?,"ICT, tourism, agriculture and manufacturing. Details: ICT, tourism, agriculture and manufacturing."
business,Top industries in Rwanda?,"In Rwanda, ict, tourism, agriculture and manufacturing."
business,Co-working spaces?,Norrsken House Kigali and The Office. Details: Norrsken House Kigali and The Office.
business,Where would I find co-working spaces?,Norrsken House Kigali and The Office. (2025 info)
business,Where would I find business license cost?,"In Rwanda, depends on sector - from 50,000 rwf for small business."
business,Business license cost in Kigali?,"Depends on sector - from 50,000 RWF for small business. (2025 info)"
business,Mobile money usage in Rwanda?,90% penetration - MTN MoMo and Airtel Money dominate. Details: 90% penetration - MTN MoMo and Airtel Money dominate.
business,Can you tell me mobile money usage?,90% penetration - MTN MoMo and Airtel Money dominate.
business,Can you tell me major banks?,"Bank of Kigali, Equity Bank, and Access Bank. Details: Bank of Kigali, Equity Bank, and Access Bank."
business,Can you tell me import taxes?,Varies by product - check RRA (Rwanda Revenue Authority). (2025 info)
business,Where would I find top local companies?,"In Rwanda, mtn rwanda, bralirwa, and crystal ventures ltd."
business,Can you tell me top local companies?,"MTN Rwanda, Bralirwa, and Crystal Ventures Ltd. Details: MTN Rwanda, Bralirwa, and Crystal Ventures Ltd."
business,Business incubators?,kLab and Impact Hub Kigali support startups. Details: kLab and Impact Hub Kigali support startups.
business,Where would I find e-commerce platforms?,Jumia Rwanda and Kasha are most popular.
business,E-commerce platforms?,"In Rwanda, jumia rwanda and kasha are most popular."
business,Stock exchange?,"In Rwanda, rwanda stock exchange has 10+ listed companies."
business,Can you tell me stock exchange?,Rwanda Stock Exchange has 10+ listed companies.
business,Can you tell me corporate tax rate?,"In Rwanda, 30% for large companies, 0-20% for small businesses."
business,Where would I find corporate tax rate?,"In Rwanda, 30% for large companies, 0-20% for small businesses."
history,Can you tell me pre-colonial kingdoms?,Kingdom of Rwanda ruled from 15th century to 1961. (2025 info)
history,Where would I find pre-colonial kingdoms?,Kingdom of Rwanda ruled from 15th century to 1961. Details: Kingdom of Rwanda ruled from 15th century to 1961.
history,1994 Genocide memorials?,"In Rwanda, kigali genocide memorial is main site (gisozi)."
history,First president in Kigali?,Grégoire Kayibanda (1962-1973). Details: Grégoire Kayibanda (1962-1973).
history,Can you tell me first president?,Grégoire Kayibanda (1962-1973). Details: Grégoire Kayibanda (1962-1973).
history,Where would I find traditional courts?,Gacaca courts tried genocide cases 2001-2012. (2025 info)
history,Ancient Rwandan currency?,"In Rwanda, used barter system; later cowrie shells and hoes."
history,Can you tell me ancient rwandan currency?,Used barter system; later cowrie shells and hoes.
history,Can you tell me colonial periods?,German (1897-1916) then Belgian rule until 1962 independence. (2025 info)
history,Colonial periods in Rwanda?,German (1897-1916) then Belgian rule until 1962 independence.
history,Royal palace location in Rwanda?,Nyanza was historic seat of Rwandan kings. Details: Nyanza was historic seat of Rwandan kings.
history,Royal palace location?,Nyanza was historic seat of Rwandan kings. Details: Nyanza was historic seat of Rwandan kings.
history,Umuganura festival in Kigali?,Traditional harvest festival celebrated August 1st. Details: Traditional harvest festival celebrated August 1st.
history,Where would I find umuganura festival?,Traditional harvest festival celebrated August 1st. (2025 info)
history,Rwandan Patriotic Front?,Political party that ended genocide in 1994.
history,Rwandan Patriotic Front in Kigali?,Political party that ended genocide in 1994. (2025 info)
history,Where would I find oldest building?,Kandt House Museum (1907) in Kigali.
history,Oldest building?,Kandt House Museum (1907) in Kigali.
history,Traditional kingdoms in Kigali?,Rwanda and neighboring Burundi were linked kingdoms. Details: Rwanda and neighboring Burundi were linked kingdoms.
history,Can you tell me traditional kingdoms?,Rwanda and neighboring Burundi were linked kingdoms. Details: Rwanda and neighboring Burundi were linked kingdoms.
history,Where would I find independence date?,"July 1, 1962 from Belgium. Details: July 1, 1962 from Belgium."
sports,National stadium in Kigali?,"In Rwanda, amahoro stadium hosts football matches (25,000 capacity)."
sports,Where would I find national stadium?,"Amahoro Stadium hosts football matches (25,000 capacity). (2025 info)"
sports,Where would I find rwanda premier league teams?,"APR FC, Rayon Sports and Kiyovu SC are top clubs."
sports,Can you tell me rwanda premier league teams?,"APR FC, Rayon Sports and Kiyovu SC are top clubs. (2025 info)"
sports,Can you tell me golf courses?,"In Rwanda, kigali golf club (18 holes) and gorilla golf club in musanze."
sports,Golf courses?,Kigali Golf Club (18 holes) and Gorilla Golf Club in Musanze. (2025 info)
sports,Cycling routes in Rwanda?,Kigali to Musanze (90km) is popular challenge route. Details: Kigali to Musanze (90km) is popular challenge route.
sports,Cycling routes?,Kigali to Musanze (90km) is popular challenge route. (2025 info)
sports,Where would I find basketball teams?,Patriots BBC represents Rwanda in FIBA Africa. Details: Patriots BBC represents Rwanda in FIBA Africa.
sports,Volcano hiking in Rwanda?,"Mount Bisoke (3,711m) is 3-5 hour hike from base. Details: Mount Bisoke (3,711m) is 3-5 hour hike from base."
sports,Volcano hiking?,"Mount Bisoke (3,711m) is 3-5 hour hike from base. Details: Mount Bisoke (3,711m) is 3-5 hour hike from base."
sports,Running clubs?,"In Rwanda, kigali running club meets saturdays at 6am in kimihurura."
sports,Where would I find running clubs?,Kigali Running Club meets Saturdays at 6am in Kimihurura. Details: Kigali Running Club meets Saturdays at 6am in Kimihurura.
sports,Swimming pools?,Kigali Serena and Cercle Sportif have public pools. Details: Kigali Serena and Cercle Sportif have public pools.
sports,Can you tell me swimming pools?,Kigali Serena and Cercle Sportif have public pools. Details: Kigali Serena and Cercle Sportif have public pools.
sports,Traditional sports?,High jump (gusimbuka) was historic royal sport. Details: High jump (gusimbuka) was historic royal sport.
sports,Where would I find traditional sports?,High jump (gusimbuka) was historic royal sport. (2025 info)
sports,Marathons in Kigali?,Kigali International Peace Marathon every May.
sports,Marathons?,Kigali International Peace Marathon every May.
sports,Where would I find football academies?,APR FC Academy trains youth players. (2025 info)
sports,Football academies in Kigali?,APR FC Academy trains youth players.
sports,Where would I find where to watch sports?,"In Rwanda, pili pili bar screens premier league matches."
language,Can you tell me what's your name?,Witwa nde?. Details: Witwa nde?
language,Where would I find what's your name?,"In Rwanda, witwa nde?"
services,SIM card for tourists in Kigali?,MTN or Airtel - need passport at airport or shops.
services,Where would I find sim card for tourists?,MTN or Airtel - need passport at airport or shops. (2025 info)
services,Where would I find post offices?,"In Rwanda, main one in kigali city tower, others in each district."
services,Where would I find where to recycle?,COPED in Nyarugenge takes plastics and electronics. (2025 info)
services,Can you tell me where to recycle?,"In Rwanda, coped in nyarugenge takes plastics and electronics."
services,Can you tell me laundry services?,Many guesthouses offer or try Washry in Kimihurura.
services,Laundry services?,Many guesthouses offer or try Washry in Kimihurura.
services,Where would I find visa extensions?,At Directorate General of Immigration in Kimihurura. Details: At Directorate General of Immigration in Kimihurura.
services,Visa extensions?,At Directorate General of Immigration in Kimihurura. Details: At Directorate General of Immigration in Kimihurura.
services,Where would I find police stations?,"Each sector has one - main is in Remera, Kigali. Details: Each sector has one - main is in Remera, Kigali."
services,Police stations?,"In Rwanda, each sector has one - main is in remera, kigali."
services,Where would I find where to print documents?,Copy shops near universities and business districts. (2025 info)
services,Can you tell me where to print documents?,Copy shops near universities and business districts. Details: Copy shops near universities and business districts.
services,Can you tell me international shipping?,DHL has office in Kigali City Tower. Details: DHL has office in Kigali City Tower.
services,Where would I find lost property?,"In Rwanda, check with local authorities or establishment last visited."
services,Can you tell me lost property?,Check with local authorities or establishment last visited. (2025 info)
services,Tourist police in Rwanda?,"In Rwanda, call 112 or visit nearest tourism office."
services,Where would I find where to pay bills?,"In Rwanda, at banks, online via irembo, or mobile money."
services,Can you tell me where to pay bills?,"At banks, online via Irembo, or mobile money."
services,Can you tell me public toilets?,In shopping malls and petrol stations - carry tissues. (2025 info)
services,Public toilets in Kigali?,"In Rwanda, in shopping malls and petrol stations - carry tissues."
hyperlocal,Best chapati in Nyamirambo in Rwanda?,"In Rwanda, café de nyamirambo makes fluffy chapatis for 500 rwf."
hyperlocal,Best chapati in Nyamirambo?,"In Rwanda, café de nyamirambo makes fluffy chapatis for 500 rwf."
hyperlocal,Where to buy authentic Agaseke baskets?,Cooperative des Tresses in Gisozi village. Details: Cooperative des Tresses in Gisozi village.
hyperlocal,Where would I find cheapest brochettes in kigali?,Brochetterie du Quartier in Kimironko (800 RWF). Details: Brochetterie du Quartier in Kimironko (800 RWF).
hyperlocal,Cheapest brochettes in Kigali in Kigali?,Brochetterie du Quartier in Kimironko (800 RWF).
hyperlocal,Where would I find best place for rwandan coffee?,Question Coffee Café in Kacyiru.
hyperlocal,Where locals buy fabric?,Sopetrade in Nyabugogo Market has best kitenge selection. (2025 info)
hyperlocal,Can you tell me where locals buy fabric?,Sopetrade in Nyabugogo Market has best kitenge selection.
hyperlocal,Hidden gem restaurant?,Taj Mahal in Remera for Indian-Rwandan fusion. Details: Taj Mahal in Remera for Indian-Rwandan fusion.
hyperlocal,Where would I find best view of kigali?,"In Rwanda, top floor of kigali city tower observation deck."
hyperlocal,Where to hear live Rwandan music?,Repub Lounge in Kimihurura on weekends.
hyperlocal,Where to hear live Rwandan music in Rwanda?,"In Rwanda, repub lounge in kimihurura on weekends."
hyperlocal,Best place to watch sunsets?,Rooftop of The Hut in Kiyovu. (2025 info)
hyperlocal,Best place to watch sunsets in Rwanda?,Rooftop of The Hut in Kiyovu.
hyperlocal,Local hair braiding salon?,Beauté Noire in Nyamirambo for traditional styles. Details: Beauté Noire in Nyamirambo for traditional styles.
hyperlocal,Where would I find local hair braiding salon?,"In Rwanda, beauté noire in nyamirambo for traditional styles."
hyperlocal,Where to buy fresh passion fruit in Rwanda?,"In Rwanda, early morning at kimironko market stalls."
hyperlocal,Can you tell me where to buy fresh passion fruit?,Early morning at Kimironko Market stalls. Details: Early morning at Kimironko Market stalls.
hyperlocal,Best milk bar in Rwanda?,"In Rwanda, inyange shop near remera taxi park."
hyperlocal,Best milk bar?,Inyange Shop near Remera Taxi Park. Details: Inyange Shop near Remera Taxi Park.
new_developments,What is Kigali Innovation City in Rwanda?,"Tech hub under construction in Gasaro, will host Carnegie Mellon Africa. (2025 info)"
new_developments,What is Kigali Innovation City in Kigali?,"Tech hub under construction in Gasaro, will host Carnegie Mellon Africa."
new_developments,Newest museum in Rwanda in Rwanda?,"In Rwanda, rwanda art museum relocated to former presidential palace in 2024."
new_developments,Can you tell me newest museum in rwanda?,Rwanda Art Museum relocated to former presidential palace in 2024. Details: Rwanda Art Museum relocated to former presidential palace in 2024.
new_developments,Where would I find recent transport upgrades?,"In Rwanda, new electric buses launched on kigali-gasabo route in 2025."
new_developments,Where would I find latest tech campus?,Norrsken Kigali House expansion completed 2024. Details: Norrsken Kigali House expansion completed 2024.
new_developments,Latest tech campus?,Norrsken Kigali House expansion completed 2024. Details: Norrsken Kigali House expansion completed 2024.
new_developments,Can you tell me new national park?,"In Rwanda, gishwati-mukura designated as 4th national park in 2020."
new_developments,New national park?,Gishwati-Mukura designated as 4th national park in 2020. (2025 info)
new_developments,Recent sports facility?,"In Rwanda, nyamirambo stadium renovated in 2024 for wnba africa games."
new_developments,Where would I find new border crossing?,"In Rwanda, rusumo one-stop border post with tanzania opened 2023."
new_developments,Where would I find latest hotel opening?,"In Rwanda, radisson blu kigali convention center opened 2025."
new_developments,Can you tell me latest hotel opening?,"In Rwanda, radisson blu kigali convention center opened 2025."
new_developments,New university programs?,UR launched AI degree program in 2024. (2025 info)
new_developments,Where would I find new university programs?,UR launched AI degree program in 2024. Details: UR launched AI degree program in 2024.
new_developments,Where would I find recent infrastructure project?,Kigali Central Station modernized in 2025.
new_developments,Recent infrastructure project?,"In Rwanda, kigali central station modernized in 2025."
new_developments,Can you tell me new tourism initiative?,'Visit Rwanda' now includes community-based tourism trails.
new_developments,New tourism initiative?,'Visit Rwanda' now includes community-based tourism trails. Details: 'Visit Rwanda' now includes community-based tourism trails.
new_developments,Latest startup hub?,kLab moved to new larger premises in 2025. (2025 info)
new_developments,Can you tell me latest startup hub?,kLab moved to new larger premises in 2025. Details: kLab moved to new larger premises in 2025.
seasonal,Where would I find best time to visit volcanoes np?,Dry seasons (Jun-Sep & Dec-Feb) for easier hiking.
seasonal,Can you tell me best time to visit volcanoes np?,Dry seasons (Jun-Sep & Dec-Feb) for easier hiking. (2025 info)
seasonal,Where would I find rainy season trekking tips?,Pack waterproof gear - trails get muddy Mar-May & Oct-Nov. Details: Pack waterproof gear - trails get muddy Mar-May & Oct-Nov.
seasonal,Rainy season trekking tips?,Pack waterproof gear - trails get muddy Mar-May & Oct-Nov. (2025 info)
seasonal,Umbrella or rain jacket?,"In Rwanda, both - sudden downpours common in rainy season."
seasonal,Road conditions during rains in Rwanda?,Some rural roads flood - check with locals before trips.
seasonal,Road conditions during rains?,Some rural roads flood - check with locals before trips. (2025 info)
seasonal,Can you tell me seasonal festivals?,"In Rwanda, umuganura (aug) - harvest, kwita izina (sep) - gorilla naming."
seasonal,Where would I find seasonal festivals?,"Umuganura (Aug) - harvest, Kwita Izina (Sep) - gorilla naming. Details: Umuganura (Aug) - harvest, Kwita Izina (Sep) - gorilla naming."
seasonal,Where would I find best rainy season activity?,Museum visits in Kigali or hot springs at Lake Kivu. (2025 info)
seasonal,Best rainy season activity in Kigali?,Museum visits in Kigali or hot springs at Lake Kivu. (2025 info)
seasonal,Can you tell me temperature range december?,Kigali: 18-28°C; higher altitudes cooler at night. Details: Kigali: 18-28°C; higher altitudes cooler at night.
seasonal,Can you tell me when are gorillas easiest to spot?,Dry season when they stay lower in the forests. Details: Dry season when they stay lower in the forests.
seasonal,Where would I find when are gorillas easiest to spot?,Dry season when they stay lower in the forests. Details: Dry season when they stay lower in the forests.
seasonal,Can you tell me seasonal price changes?,Hotels 20-30% cheaper in rainy season (Mar-May). Details: Hotels 20-30% cheaper in rainy season (Mar-May).
seasonal,Nyungwe Forest in April?,Lush but leeches present - wear leech socks. Details: Lush but leeches present - wear leech socks.
seasonal,Where would I find nyungwe forest in april?,Lush but leeches present - wear leech socks.
seasonal,Where would I find lake kivu best season?,June-August for calm waters and swimming. Details: June-August for calm waters and swimming.
seasonal,Lake Kivu best season in Kigali?,June-August for calm waters and swimming. Details: June-August for calm waters and swimming.
seasonal,When to see migratory birds in Rwanda?,"In Rwanda, november-april in akagera national park."
seasonal,Where would I find when to see migratory birds?,November-April in Akagera National Park.
history,What caused the genocide?,Complex colonial legacy and political extremism led to the tragedy.
history,Are there survivor organizations?,IBUKA and AERG support survivors through various programs.
history,How is the 1994 Genocide taught?,In schools through official curriculum emphasizing unity and reconciliation.
history,Are genocide memorials appropriate for children?,Main memorial recommends age 12+ for underground exhibits.
history,How to discuss genocide respectfully?,Avoid graphic details; focus on resilience and rebuilding.
history,International response during genocide?,UN peacekeeping mission was present but under-resourced.
history,Current relations with neighbors?,Rwanda maintains diplomatic relations with all neighboring countries.
history,Where to learn about genocide history?,Kigali Genocide Memorial provides comprehensive education.
history,How long did the genocide last?,Approximately 100 days from April-July 1994.
history,Can I visit genocide sites?,"Yes, with respect - Nyamata and Murambi are preserved memorials."
history,Post-genocide justice process?,Used Gacaca community courts to try 1.9 million cases.
history,How has Rwanda achieved reconciliation?,"Through Gacaca courts, unity policies, and community initiatives."
transport,Where would I find fuel prices in rwanda?,"In Rwanda, ~1,300 rwf/liter for petrol (2025 rates)."
sports,Where would I find swimming pools?,Kigali Serena and Cercle Sportif have public pools. Details: Kigali Serena and Cercle Sportif have public pools.
education,Can you tell me where to study computer science in rwanda?,University of Rwanda's College of Science and Technology in Nyarugenge. (2025 info)
accommodation,Can you tell me hostels near bus stations?,Okapi Hotel is 5min from Nyabugogo Bus Park. Details: Okapi Hotel is 5min from Nyabugogo Bus Park.
history,Where would I find traditional courts?,Gacaca courts tried genocide cases 2001-2012. (2025 info)
seasonal,Can you tell me best rainy season activity in kigali?,"In Rwanda, museum visits in kigali or hot springs at lake kivu. (2025 info)"
new_developments,What is Kigali Innovation City in Kigali in Kigali?,"Tech hub under construction in Gasaro, will host Carnegie Mellon Africa. (2025 info)"
language,Where would I find hello in kinyarwanda in Rwanda?,"In Rwanda, muraho (formal) or bite (informal)."
history,Where would I find how has rwanda achieved reconciliation?,"Through Gacaca courts, unity policies, and community initiatives. (2025 info)"
services,Where would I find where to recycle in Kigali?,COPED in Nyarugenge takes plastics and electronics. (2025 info)
transport,Can you tell me how to use tap&go in Rwanda?,"Buy card at stations, load money for bus fares. Details: Buy card at stations, load money for bus fares."
history,Where would I find independence date in Kigali?,"July 1, 1962 from Belgium. Details: July 1, 1962 from Belgium."
business,Can you tell me can you tell me top local companies?,"In Rwanda, location: mtn rwanda, bralirwa, and crystal ventures ltd. details: mtn rwanda, bralirwa, and crystal ventures ltd."
language,Where would I find can you tell me goodbye?,"In Rwanda, murabeho (formal) or reka (informal)."
services,Where would I find tourist police in rwanda?,"In Rwanda, call 112 or visit nearest tourism office."
accommodation,Where would I find hotels with pools?,"In Rwanda, radisson blu and serena both have outdoor pools. (2025 info)"
sports,Can you tell me football academies in kigali?,"In Rwanda, apr fc academy trains youth players."
language,How do you say please in Kinyarwanda?,"In Kinyarwanda, it is mbabarira."
transport,Kigali airport to city in Kigali?,"In Rwanda, taxi costs ~10,000 rwf (20min), no uber available."
services,Can you tell me international shipping in Rwanda?,"In Rwanda, location: dhl has office in kigali city tower. details: dhl has office in kigali city tower."
sports,Can you tell me marathons?,Kigali International Peace Marathon every May. Details: Kigali International Peace Marathon every May.
education,Best coding bootcamp in Rwanda in Rwanda?,"In Rwanda, alx rwanda offers 12-month software engineering programs. (2025 info)"
language,Can you tell me thank you?,"In Rwanda, murakoze (singular) or murakoze cyane (many thanks)."
sports,Can you tell me running clubs?,"In Rwanda, kigali running club meets saturdays at 6am in kimihurura. Details: In Rwanda, kigali running club meets saturdays at 6am in kimihurura."
history,Can you tell me can you tell me pre-colonial kingdoms?,Kingdom of Rwanda ruled from 15th century to 1961. (2025 info)
tourism,Where would I find how long is gorilla trekking?,"In Rwanda, in rwanda, 2-8 hours depending on gorilla family location."
sports,Where would I find can you tell me golf courses?,"In Rwanda, kigali golf club (18 holes) and gorilla golf club in musanze."
new_developments,Can you tell me can you tell me new national park?,"In Rwanda, gishwati-mukura designated as 4th national park in 2020. Details: In Rwanda, gishwati-mukura designated as 4th national park in 2020."
healthcare,Can you tell me mental health services?,"In Rwanda, ndera neuropsychiatric hospital specializes in mental health."
healthcare,Can you tell me where would i find pediatric hospitals?,KFH and CHUK both have pediatric wings. (2025 info)
services,Can you tell me can you tell me where to pay bills?,"At banks, online via Irembo, or mobile money. Details: At banks, online via Irembo, or mobile money."
seasonal,Where would I find nyungwe forest in april in Rwanda?,Lush but leeches present - wear leech socks.
education,Can you tell me top university in rwanda in kigali?,"In Rwanda, university of rwanda is the largest and highest-ranked. Details: In Rwanda, university of rwanda is the largest and highest-ranked."
seasonal,Can you tell me lake kivu best season in kigali?,Location: June-August for calm waters and swimming. Details: Location: June-August for calm waters and swimming. Details: June-August for calm waters and swimming.
language,Where would I find how are you in rwanda?,"In Rwanda, amakuru? (response: ni meza)"
history,Can you tell me first president in kigali?,Grégoire Kayibanda (1962-1973). Details: Grégoire Kayibanda (1962-1973). (2025 info)
new_developments,Where would I find recent sports facility?,"In Rwanda, nyamirambo stadium renovated in 2024 for wnba africa games. (2025 info)"
hyperlocal,Can you tell me can you tell me where to buy fresh passion fruit?,Early morning at Kimironko Market stalls. Details: Early morning at Kimironko Market stalls.
hyperlocal,Where would I find where would i find best place for rwandan coffee?,Question Coffee Café in Kacyiru.
new_developments,Can you tell me where would i find latest hotel opening?,"In Rwanda, radisson blu kigali convention center opened 2025. (2025 info)"
services,Can you tell me where to recycle in Rwanda?,"In Rwanda, coped in nyarugenge takes plastics and electronics."
new_developments,Can you tell me can you tell me newest museum in rwanda?,Rwanda Art Museum relocated to former presidential palace in 2024. Details: Rwanda Art Museum relocated to former presidential palace in 2024. (2025 info)
tourism,Can you tell me entry fee for volcanoes national park in Rwanda?,"In Rwanda, in rwanda, $100 for foreigners, 15,000 rwf for rwandans (2025 rates)."
tourism,Can you tell me can you tell me how long is gorilla trekking?,2-8 hours depending on gorilla family location. (2025 info)
history,Can you tell me how long did the genocide last?,Approximately 100 days from April-July 1994.
education,Where would I find can you tell me where to study hospitality?,Akilah Institute for Women offers diploma programs. (2025 info)
new_developments,Can you tell me can you tell me latest hotel opening?,"In Rwanda, radisson blu kigali convention center opened 2025."
hyperlocal,Where would I find cheapest brochettes in kigali in Kigali?,Brochetterie du Quartier in Kimironko (800 RWF). Details: Brochetterie du Quartier in Kimironko (800 RWF).
history,Where would I find colonial periods in rwanda?,German (1897-1916) then Belgian rule until 1962 independence. Details: German (1897-1916) then Belgian rule until 1962 independence.
hyperlocal,Where would I find best chapati in nyamirambo?,"In Rwanda, café de nyamirambo makes fluffy chapatis for 500 rwf."
business,Where to register a company in Rwanda in Rwanda?,"In Rwanda, rwanda development board (rdb) one stop center. (2025 info)"
education,Can you tell me where to learn kinyarwanda in rwanda?,Location: University of Rwanda's Language Centre offers courses. Details: Location: University of Rwanda's Language Centre offers courses. Details: University of Rwanda's Language Centre offers courses.
business,Can you tell me co-working spaces?,Location: Norrsken House Kigali and The Office. Details: Location: Norrsken House Kigali and The Office. Details: Norrsken House Kigali and The Office.
seasonal,Where would I find can you tell me seasonal festivals?,"In Rwanda, umuganura (aug) - harvest, kwita izina (sep) - gorilla naming."
tourism,Where would I find best place to see mountain gorillas?,Volcanoes National Park in Musanze offers gorilla trekking. (2025 info)
business,Can you tell me can you tell me corporate tax rate?,"In Rwanda, 30% for large companies, 0-20% for small businesses. Details: In Rwanda, 30% for large companies, 0-20% for small businesses."
language,Where would I find how are you?,Amakuru? (response: Ni meza)
hyperlocal,Where would I find hidden gem restaurant?,"In Rwanda, location: taj mahal in remera for indian-rwandan fusion. details: taj mahal in remera for indian-rwandan fusion."
transport,Can you tell me can you tell me speed limits in rwanda?,"In Rwanda, location: 50km/h cities, 80km/h highways, strictly enforced. details: 50km/h cities, 80km/h highways, strictly enforced."
hyperlocal,Where would I find cheapest brochettes in kigali in kigali?,Brochetterie du Quartier in Kimironko (800 RWF).
transport,Can you tell me night buses in kigali?,"In Rwanda, location: no intercity buses operate after 8pm typically. details: no intercity buses operate after 8pm typically."
history,Where would I find pre-colonial kingdoms in Rwanda?,Kingdom of Rwanda ruled from 15th century to 1961. Details: Kingdom of Rwanda ruled from 15th century to 1961. (2025 info)
history,Where would I find 1994 genocide memorials?,"In Rwanda, kigali genocide memorial is main site (gisozi). (2025 info)"
business,Can you tell me business incubators?,"In Rwanda, location: klab and impact hub kigali support startups. details: klab and impact hub kigali support startups."
history,Can you tell me how is the 1994 genocide taught?,In schools through official curriculum emphasizing unity and reconciliation. (2025 info)
education,Where would I find where to study computer science in Rwanda?,"In Rwanda, in rwanda, university of rwanda's college of science and technology in nyarugenge."
seasonal,Where would I find where would i find best rainy season activity?,Museum visits in Kigali or hot springs at Lake Kivu. (2025 info)
healthcare,Where would I find 24-hour pharmacy in kigali in rwanda?,"In Rwanda, king faisal hospital pharmacy operates 24/7."
history,Can you tell me umuganura festival in kigali?,"In Rwanda, location: traditional harvest festival celebrated august 1st. details: traditional harvest festival celebrated august 1st."
healthcare,Can you tell me best hospital in kigali?,"In Rwanda, king faisal hospital is the top private facility."
history,Where would I find umuganura festival in Rwanda?,Traditional harvest festival celebrated August 1st. (2025 info) (2025 info)
business,Where would I find where would i find top local companies?,"In Rwanda, mtn rwanda, bralirwa, and crystal ventures ltd. Details: In Rwanda, mtn rwanda, bralirwa, and crystal ventures ltd."
healthcare,Mental health services in Rwanda in Kigali?,"In Rwanda, ndera neuropsychiatric hospital specializes in mental health."
language,Where would I find can you tell me hello in kinyarwanda?,Muraho (formal) or Bite (informal).
seasonal,Where would I find road conditions during rains?,"In Rwanda, some rural roads flood - check with locals before trips. (2025 info)"
seasonal,Rainy season trekking tips in Rwanda?,Pack waterproof gear - trails get muddy Mar-May & Oct-Nov. Details: Pack waterproof gear - trails get muddy Mar-May & Oct-Nov. (2025 info)
new_developments,Can you tell me what is kigali innovation city in rwanda?,"Tech hub under construction in Gasaro, will host Carnegie Mellon Africa. (2025 info) (2025 info)"
sports,Can you tell me marathons in kigali?,"In Rwanda, kigali international peace marathon every may."
hyperlocal,Where would I find where would i find best view of kigali?,"In Rwanda, top floor of kigali city tower observation deck. (2025 info)"
healthcare,Where would I find where would i find public hospitals in rwanda?,CHUK (Central Hospital Kigali) and district hospitals. (2025 info)
accommodation,Can you tell me lake kivu resorts?,Lake Kivu Serena Hotel in Rubavu has lake views. (2025 info)
tourism,Where would I find where would i find top cultural village to visit?,"In Rwanda, iby'iwacu cultural village near volcanoes np shows traditional rwandan life."
tourism,Where would I find what's special about nyungwe forest?,Location: Home to chimpanzees and East Africa's only canopy walk (160m long). Details: Location: Home to chimpanzees and East Africa's only canopy walk (160m long). Details: Home to chimpanzees and East Africa's only canopy walk (160m long).
transport,Where would I find night buses in rwanda?,"In Rwanda, no intercity buses operate after 8pm typically."
new_developments,Where would I find where would i find latest tech campus?,Norrsken Kigali House expansion completed 2024. Details: Norrsken Kigali House expansion completed 2024.
education,Where would I find best coding bootcamp in Kigali?,Location: ALX Rwanda offers 12-month software engineering programs. Details: Location: ALX Rwanda offers 12-month software engineering programs. Details: ALX Rwanda offers 12-month software engineering programs.
healthcare,Can you tell me where would i find where to buy prescription drugs?,"In Rwanda, pharmacies like kim pharmacy require doctor's prescription."
new_developments,Where would I find latest startup hub?,kLab moved to new larger premises in 2025. (2025 info)
services,Can you tell me can you tell me laundry services?,"In Rwanda, many guesthouses offer or try washry in kimihurura."
language,Can you tell me where would i find numbers 1-5?,"Rimwe, kabiri, gatatu, kane, gatanu. (2025 info)"
history,Can you tell me how to discuss genocide respectfully?,Avoid graphic details; focus on resilience and rebuilding. (2025 info)
hyperlocal,Where to hear live Rwandan music in Rwanda in Kigali?,"In Rwanda, repub lounge in kimihurura on weekends. (2025 info)"
new_developments,Where would I find can you tell me new tourism initiative?,'Visit Rwanda' now includes community-based tourism trails. Details: 'Visit Rwanda' now includes community-based tourism trails.
tourism,Where would I find can i do a safari in rwanda in rwanda?,"In Rwanda, yes, akagera national park has lions, elephants and 500+ bird species."
hyperlocal,Can you tell me where to buy fresh passion fruit in rwanda?,"In Rwanda, early morning at kimironko market stalls. (2025 info)"
new_developments,Can you tell me where would i find recent transport upgrades?,"In Rwanda, in rwanda, new electric buses launched on kigali-gasabo route in 2025."
language,Where would I find how much?,Ni bangahe? (2025 info)
language,Can you tell me where would i find i don't understand?,"In Rwanda, location: sinumva. details: sinumva."
transport,Where would I find where would i find cross-border buses?,"In Rwanda, jaguar coaches to kampala, trinity to bujumbura."
education,International schools in Kigali in Kigali in Rwanda?,"Green Hills Academy, Kigali International Community School, and École Belge. Details: Green Hills Academy, Kigali International Community School, and École Belge. (2025 info)"
healthcare,Where would I find vaccinations needed in Kigali?,"In Rwanda, in rwanda, yellow fever mandatory; hepatitis a/b, typhoid recommended."
transport,Can you tell me bicycle rentals?,Available in Nyamirambo and near Kimironko Market. Details: Available in Nyamirambo and near Kimironko Market.
tourism,Can you tell me can you tell me what to pack for nyungwe canopy walk?,"Sturdy shoes, rain jacket, and camera - it's 70m above ground!. Details: Sturdy shoes, rain jacket, and camera - it's 70m above ground!"
business,Can you tell me where would i find corporate tax rate?,"In Rwanda, 30% for large companies, 0-20% for small businesses."
education,Can you tell me where would i find international schools in kigali?,"Green Hills Academy, Kigali International Community School, and École Belge. (2025 info) (2025 info)"
language,Can you tell me can you tell me sorry?,Mbabarira. Details: Mbabarira.
history,Where would I find traditional kingdoms in kigali?,"In Rwanda, location: rwanda and neighboring burundi were linked kingdoms. details: rwanda and neighboring burundi were linked kingdoms."
sports,Can you tell me national stadium in kigali?,"In Rwanda, amahoro stadium hosts football matches (25,000 capacity)."
healthcare,Can you tell me where would i find emergency number?,"Dial 112 for police, 912 for medical emergencies. (2025 info) (2025 info)"
hyperlocal,Can you tell me can you tell me where locals buy fabric?,Sopetrade in Nyabugogo Market has best kitenge selection. Details: Sopetrade in Nyabugogo Market has best kitenge selection.
services,Visa extensions in Rwanda?,At Directorate General of Immigration in Kimihurura. Details: At Directorate General of Immigration in Kimihurura. (2025 info)
tourism,Can kids do gorilla trekking in Rwanda?,Minimum age is 15 for gorilla permits. (2025 info)
history,Where would I find are there survivor organizations?,"In Rwanda, ibuka and aerg support survivors through various programs."
tourism,Can you tell me what to pack for nyungwe canopy walk in rwanda?,"Sturdy shoes, rain jacket, and camera - it's 70m above ground!. Details: Sturdy shoes, rain jacket, and camera - it's 70m above ground!"
hyperlocal,Local hair braiding salon in Rwanda?,"In Rwanda, location: beauté noire in nyamirambo for traditional styles. details: beauté noire in nyamirambo for traditional styles."
education,Can you tell me best medical school in Kigali?,"In Rwanda, in rwanda, university of rwanda's college of medicine and health sciences."
seasonal,Where would I find where would i find seasonal festivals?,"Location: Umuganura (Aug) - harvest, Kwita Izina (Sep) - gorilla naming. Details: Location: Umuganura (Aug) - harvest, Kwita Izina (Sep) - gorilla naming. Details: Umuganura (Aug) - harvest, Kwita Izina (Sep) - gorilla naming."
tourism,Where would I find can you tell me best hiking trail near kigali?,Mount Kigali Trail offers great city views (2-3 hour hike). Details: Mount Kigali Trail offers great city views (2-3 hour hike).
services,Where would I find where would i find visa extensions?,At Directorate General of Immigration in Kimihurura. Details: At Directorate General of Immigration in Kimihurura. (2025 info)
seasonal,Can you tell me can you tell me when are gorillas easiest to spot?,Dry season when they stay lower in the forests. Details: Dry season when they stay lower in the forests.
accommodation,Can you tell me eco-lodges near volcanoes np in rwanda?,Bisate Lodge (luxury) or Red Rocks Rwanda (budget). Details: Bisate Lodge (luxury) or Red Rocks Rwanda (budget). (2025 info)
hyperlocal,Can you tell me best place to watch sunsets in rwanda?,Rooftop of The Hut in Kiyovu. (2025 info)
business,Can you tell me major banks in Kigali?,"Location: Bank of Kigali, Equity Bank, and Access Bank. Details: Location: Bank of Kigali, Equity Bank, and Access Bank. Details: Bank of Kigali, Equity Bank, and Access Bank."
tourism,Can you tell me where would i find best time to visit rwanda?,June-September (dry season) for gorilla trekking and hiking. (2025 info)
language,Where would I find can you tell me what's your name?,Witwa nde?. Details: Witwa nde?
hyperlocal,Best milk bar in Kigali?,"In Rwanda, location: inyange shop near remera taxi park. details: inyange shop near remera taxi park."
history,Where would I find can i visit genocide sites?,"Yes, with respect - Nyamata and Murambi are preserved memorials."
history,Where would I find royal palace location in rwanda?,Nyanza was historic seat of Rwandan kings. Details: Nyanza was historic seat of Rwandan kings.
sports,Where would I find can you tell me swimming pools?,Kigali Serena and Cercle Sportif have public pools. Details: Kigali Serena and Cercle Sportif have public pools.
healthcare,Can you tell me pediatric hospitals?,KFH and CHUK both have pediatric wings. Details: KFH and CHUK both have pediatric wings. (2025 info)
transport,Where would I find can you tell me moto-taxi safety tips?,"In Rwanda, always wear helmet, agree on fare first (~500-2000 rwf). (2025 info)"
history,Can you tell me post-genocide justice process?,Used Gacaca community courts to try 1.9 million cases.
accommodation,Can you tell me can you tell me long-term apartment rentals?,"In Rwanda, check kigali heights or kbc area for 1-3 month leases. (2025 info)"
history,Where would I find what caused the genocide?,Complex colonial legacy and political extremism led to the tragedy. Details: Complex colonial legacy and political extremism led to the tragedy.
accommodation,Where would I find luxury hotels in kigali in kigali?,"In Rwanda, kigali marriott ($200+) and serena hotel ($150+)."
education,Where to learn Kinyarwanda in Kigali?,University of Rwanda's Language Centre offers courses.
healthcare,Where would I find where would i find malaria risk in rwanda?,"Present - use prophylaxis and mosquito nets, especially in rural areas. Details: Present - use prophylaxis and mosquito nets, especially in rural areas."
seasonal,Can you tell me where would i find lake kivu best season?,June-August for calm waters and swimming. Details: June-August for calm waters and swimming.
new_developments,Can you tell me where would i find new university programs?,Location: UR launched AI degree program in 2024. Details: Location: UR launched AI degree program in 2024. Details: UR launched AI degree program in 2024.
healthcare,Where would I find 24-hour pharmacy in kigali?,King Faisal Hospital pharmacy operates 24/7. Details: King Faisal Hospital pharmacy operates 24/7. (2025 info)
healthcare,Can you tell me malaria risk in rwanda in Kigali?,"Location: Present - use prophylaxis and mosquito nets, especially in rural areas. Details: Location: Present - use prophylaxis and mosquito nets, especially in rural areas. Details: Present - use prophylaxis and mosquito nets, especially in rural areas."
history,Where would I find oldest building in rwanda?,"In Rwanda, kandt house museum (1907) in kigali."
seasonal,Can you tell me where would i find when are gorillas easiest to spot?,Dry season when they stay lower in the forests. Details: Dry season when they stay lower in the forests.
history,Where would I find can you tell me colonial periods?,German (1897-1916) then Belgian rule until 1962 independence. (2025 info)
language,How do you say "hello" in Kinyarwanda?,Muraho (formal) or Bite (informal).
language,How do you say "thank you" in Kinyarwanda?,Murakoze (singular) or Murakoze cyane (many thanks).
language,how do you say "thank you"?,Murakoze (singular) or Murakoze cyane (many thanks).
language,How do you say "how are you?" in Kinyarwanda?,Amakuru? (response: Ni meza)
language,how do you say "how are you?"?,Amakuru? (response: Ni meza)
language,What are the Kinyarwanda words for the numbers one to five?,"Rimwe, kabiri, gatatu, kane, gatanu. (2025 info)"
language,How do you say "how much?" in Kinyarwanda?,Ni bangahe? (2025 info)
language,How do you say "I don't understand" in Kinyarwanda?,Sinumva. Details: Sinumva.
language,How do you say "goodbye" in Kinyarwanda?,Murabeho (formal) or Reka (informal).
language,How do you say "sorry" in Kinyarwanda?,Mbabarira.
language,How do you say "yes" and "no" in Kinyarwanda?,Yego/Oya.
